ts_code,detect_date,note,status,status_reason,buy_date,buy_time,buy_price,initial_stop_price,initial_r,exit_date,exit_time,exit_price,exit_reason,hold_days,pnl_amount,pnl_pct,pnl_r,max_favorable_excursion_r,max_adverse_excursion_r,peak_stop_price,entry_eligible,entry_reason,entry_buy_date,entry_buy_time,entry_buy_price,entry_detect_prev_high,entry_detect_day_open,entry_detect_day_close,entry_detect_day_low,entry_detect_day_high,entry_detect_volume_1430,entry_day2_volume_1430,entry_pullback_ratio,entry_has_long_lower_shadow,entry_stabilized_after_1400,entry_gap_unfilled,entry_gap_size,entry_initial_stop_price,entry_initial_r
001219.SZ,2025-06-24,gaps up,skipped,pullback_rule;volume_rule;reversal_rule;gap_fill_rule,2025-06-25,2025-06-25 14:30:00,13.28,,,,,,,,,,,,,,False,pullback_rule;volume_rule;reversal_rule;gap_fill_rule,2025-06-25,2025-06-25 14:30:00,13.28,13.45,13.46,13.62,13.46,13.63,1812665.0,2052056.0,2.125000000000021,False,False,False,0.010000000000001563,,
002889.SZ,2025-06-30,gaps up,skipped,volume_rule;reversal_rule,2025-07-01,2025-07-01 14:30:00,15.21,,,,,,,,,,,,,,False,volume_rule;reversal_rule,2025-07-01,2025-07-01 14:30:00,15.21,14.67,14.77,15.01,14.77,15.12,8006292.0,9638534.0,0.0,False,False,True,0.09999999999999964,,
000900.SZ,2025-07-01,gaps up,skipped,pullback_rule;volume_rule;reversal_rule,2025-07-02,2025-07-02 14:30:00,4.43,,,,,,,,,,,,,,False,pullback_rule;volume_rule;reversal_rule,2025-07-02,2025-07-02 14:30:00,4.43,4.31,4.5,4.65,4.4,4.65,53251205.0,72575930.0,1.4666666666666675,False,False,True,0.09000000000000075,,
002001.SZ,2025-07-02,gaps up,skipped,volume_rule;gap_fill_rule,2025-07-03,2025-07-03 14:30:00,21.86,,,,,,,,,,,,,,False,volume_rule;gap_fill_rule,2025-07-03,2025-07-03 14:30:00,21.86,21.33,21.65,21.39,21.36,21.69,40050724.0,46524053.0,0.0,True,False,False,0.030000000000001137,,
600583.SH,2025-07-02,gaps up,skipped,pullback_rule;reversal_rule,2025-07-03,2025-07-03 14:30:00,5.58,,,,,,,,,,,,,,False,pullback_rule;reversal_rule,2025-07-03,2025-07-03 14:30:00,5.58,5.48,5.58,5.64,5.52,5.72,100378301.0,51846201.0,1.0,False,False,True,0.03999999999999915,,
300883.SZ,2025-07-08,gaps up,skipped,pullback_rule;volume_rule,2025-07-09,2025-07-09 14:30:00,6.49,,,,,,,,,,,,,,False,pullback_rule;volume_rule,2025-07-09,2025-07-09 14:30:00,6.49,6.33,6.41,6.58,6.41,6.94,36112499.0,26774510.0,0.5294117647058817,True,False,True,0.08000000000000007,,
301006.SZ,2025-07-09,gaps up,skipped,detect_day_gap_not_confirmed,,,,,,,,,,,,,,,,,False,detect_day_gap_not_confirmed,,,,,,,,,,,,False,False,False,,,
603700.SH,2025-07-09,gaps up,skipped,volume_rule;reversal_rule,2025-07-10,2025-07-10 14:30:00,12.32,,,,,,,,,,,,,,False,volume_rule;reversal_rule,2025-07-10,2025-07-10 14:30:00,12.32,12.04,12.12,12.14,12.07,12.24,3447130.0,4155780.0,0.0,False,False,True,0.030000000000001137,,
600323.SH,2025-07-15,gaps up,skipped,reversal_rule,2025-07-16,2025-07-16 14:30:00,25.89,,,,,,,,,,,,,,False,reversal_rule,2025-07-16,2025-07-16 14:30:00,25.89,24.76,25.09,25.62,25.09,25.93,15508087.0,8780745.0,0.0,False,False,True,0.3299999999999983,,
603661.SH,2025-07-16,gaps up,skipped,pullback_rule;volume_rule;reversal_rule;gap_fill_rule,2025-07-17,2025-07-17 14:30:00,28.66,,,,,,,,,,,,,,False,pullback_rule;volume_rule;reversal_rule;gap_fill_rule,2025-07-17,2025-07-17 14:30:00,28.66,29.42,29.5,29.7,29.43,29.95,834761.0,708584.0,5.200000000000014,False,False,False,0.00999999999999801,,
601225.SH,2025-07-18,gaps up,skipped,volume_rule;reversal_rule,2025-07-21,2025-07-21 14:30:00,19.47,,,,,,,,,,,,,,False,volume_rule;reversal_rule,2025-07-21,2025-07-21 14:30:00,19.47,19.02,19.08,19.14,19.06,19.32,45468566.0,63073487.0,0.0,False,False,True,0.03999999999999915,,
601898.SH,2025-07-18,gaps up,skipped,pullback_rule;volume_rule;gap_fill_rule,2025-07-21,2025-07-21 14:30:00,11.07,,,,,,,,,,,,,,False,pullback_rule;volume_rule;gap_fill_rule,2025-07-21,2025-07-21 14:30:00,11.07,11.2,11.24,11.24,11.21,11.35,16307392.0,20211695.0,1.2142857142857242,True,False,False,0.010000000000001563,,
002523.SZ,2025-07-21,gaps up,skipped,volume_rule,2025-07-22,2025-07-22 14:30:00,3.99,,,,,,,,,,,,,,False,volume_rule,2025-07-22,2025-07-22 14:30:00,3.99,3.79,3.81,3.9,3.8,3.93,50521524.0,80780064.0,0.0,True,False,True,0.009999999999999787,,
600019.SH,2025-07-21,gaps up,skipped,volume_rule,2025-07-22,2025-07-22 14:30:00,7.47,,,,,,,,,,,,,,False,volume_rule,2025-07-22,2025-07-22 14:30:00,7.47,7.14,7.19,7.36,7.18,7.44,111295310.0,136249376.0,0.0,True,False,True,0.040000000000000036,,
600039.SH,2025-07-21,gaps up,skipped,pullback_rule;volume_rule;reversal_rule;gap_fill_rule,2025-07-22,2025-07-22 14:30:00,8.68,,,,,,,,,,,,,,False,pullback_rule;volume_rule;reversal_rule;gap_fill_rule,2025-07-22,2025-07-22 14:30:00,8.68,8.65,8.72,8.95,8.66,8.98,76421670.0,85084226.0,1.1739130434782659,False,False,False,0.009999999999999787,,
600352.SH,2025-07-21,gaps up,skipped,pullback_rule;gap_fill_rule,2025-07-22,2025-07-22 14:30:00,10.47,,,,,,,,,,,,,,False,pullback_rule;gap_fill_rule,2025-07-22,2025-07-22 14:30:00,10.47,10.3,10.33,10.59,10.31,10.74,48798269.0,28705461.0,0.4615384615384589,True,False,False,0.009999999999999787,,
601700.SH,2025-07-21,gaps up,skipped,volume_rule,2025-07-22,2025-07-22 14:30:00,5.04,,,,,,,,,,,,,,False,volume_rule,2025-07-22,2025-07-22 14:30:00,5.04,4.71,4.75,4.96,4.75,5.13,49583986.0,40674005.0,0.0,True,False,True,0.040000000000000036,,
603315.SH,2025-07-21,gaps up,skipped,volume_rule;reversal_rule,2025-07-22,2025-07-22 14:30:00,13.99,,,,,,,,,,,,,,False,volume_rule;reversal_rule,2025-07-22,2025-07-22 14:30:00,13.99,12.87,13.04,13.6,12.97,14.04,31904884.0,30369600.0,0.0,False,False,True,0.10000000000000142,,
603387.SH,2025-07-21,gaps up,skipped,pullback_rule;reversal_rule;gap_fill_rule,2025-07-22,2025-07-22 14:30:00,8.48,,,,,,,,,,,,,,False,pullback_rule;reversal_rule;gap_fill_rule,2025-07-22,2025-07-22 14:30:00,8.48,8.43,8.47,8.61,8.44,8.65,6800141.0,4116611.0,0.9285714285714295,False,False,False,0.009999999999999787,,
603568.SH,2025-07-21,gaps up,skipped,pullback_rule;volume_rule;reversal_rule;gap_fill_rule,2025-07-22,2025-07-22 14:30:00,19.16,,,,,,,,,,,,,,False,pullback_rule;volume_rule;reversal_rule;gap_fill_rule,2025-07-22,2025-07-22 14:30:00,19.16,19.09,19.16,19.17,19.1,19.52,5379599.0,5567656.0,1.0,False,False,False,0.010000000000001563,,
600380.SH,2025-07-22,gaps up,skipped,pullback_rule;reversal_rule,2025-07-23,2025-07-23 14:30:00,12.26,,,,,,,,,,,,,,False,pullback_rule;reversal_rule,2025-07-23,2025-07-23 14:30:00,12.26,12.18,12.19,12.49,12.19,13.02,67334083.0,28898797.0,0.7666666666666663,False,False,True,0.009999999999999787,,
600115.SH,2025-07-23,gaps up,skipped,reversal_rule,2025-07-24,2025-07-24 14:30:00,3.96,,,,,,,,,,,,,,False,reversal_rule,2025-07-24,2025-07-24 14:30:00,3.96,3.88,3.91,3.91,3.91,4.01,132979822.0,79233484.0,0.0,False,False,True,0.03000000000000025,,
601021.SH,2025-07-23,gaps up,skipped,reversal_rule,2025-07-24,2025-07-24 14:30:00,56.07,,,,,,,,,,,,,,False,reversal_rule,2025-07-24,2025-07-24 14:30:00,56.07,54.58,54.97,56.45,54.96,57.0,8362715.0,2675536.0,0.2567567567567578,False,False,True,0.38000000000000256,,
601111.SH,2025-07-23,gaps up,skipped,reversal_rule,2025-07-24,2025-07-24 14:30:00,7.64,,,,,,,,,,,,,,False,reversal_rule,2025-07-24,2025-07-24 14:30:00,7.64,7.49,7.58,7.62,7.57,7.78,198859901.0,68221334.0,0.0,False,False,True,0.08000000000000007,,
000683.SZ,2025-07-25,gaps up,skipped,pullback_rule;reversal_rule;gap_fill_rule,2025-07-28,2025-07-28 14:30:00,5.93,,,,,,,,,,,,,,False,pullback_rule;reversal_rule;gap_fill_rule,2025-07-28,2025-07-28 14:30:00,5.93,5.78,5.83,6.0,5.82,6.24,254522942.0,160482509.0,0.4117647058823548,False,False,False,0.040000000000000036,,
002142.SZ,2025-07-25,gaps up,skipped,reversal_rule,2025-07-28,2025-07-28 14:30:00,28.98,,,,,,,,,,,,,,False,reversal_rule,2025-07-28,2025-07-28 14:30:00,28.98,27.61,27.86,28.94,27.86,29.1,79407576.0,39658209.0,0.0,False,False,True,0.25,,
300112.SZ,2025-07-28,gaps up,skipped,pullback_rule;volume_rule;reversal_rule;gap_fill_rule,2025-07-29,2025-07-29 14:30:00,9.41,,,,,,,,,,,,,,False,pullback_rule;volume_rule;reversal_rule;gap_fill_rule,2025-07-29,2025-07-29 14:30:00,9.41,9.39,9.42,9.48,9.4,9.49,4543500.0,5042300.0,1.1666666666666616,False,False,False,0.009999999999999787,,
000915.SZ,2025-08-04,gaps up,skipped,pullback_rule;gap_fill_rule,2025-08-05,2025-08-05 14:30:00,34.27,,,,,,,,,,,,,,False,pullback_rule;gap_fill_rule,2025-08-05,2025-08-05 14:30:00,34.27,33.95,36.14,35.38,34.88,36.7,18525757.0,11678114.0,0.6098901098901095,False,True,False,0.9299999999999997,,
300615.SZ,2025-08-05,gaps up,skipped,pullback_rule;volume_rule;reversal_rule,2025-08-06,2025-08-06 14:30:00,15.3,,,,,,,,,,,,,,False,pullback_rule;volume_rule;reversal_rule,2025-08-06,2025-08-06 14:30:00,15.3,14.83,15.01,15.75,15.01,16.5,20855272.0,14167710.0,0.608108108108107,False,False,True,0.17999999999999972,,
301106.SZ,2025-08-05,gaps up,skipped,volume_rule;reversal_rule,2025-08-06,2025-08-06 14:30:00,31.88,,,,,,,,,,,,,,False,volume_rule;reversal_rule,2025-08-06,2025-08-06 14:30:00,31.88,31.21,31.3,31.6,31.26,31.75,1607774.0,1462255.0,0.0,False,False,True,0.05000000000000071,,
000902.SZ,2025-08-06,gaps up,skipped,volume_rule;reversal_rule,2025-08-07,2025-08-07 14:30:00,14.58,,,,,,,,,,,,,,False,volume_rule;reversal_rule,2025-08-07,2025-08-07 14:30:00,14.58,14.41,14.7,14.62,14.52,15.03,14654830.0,10370235.0,0.07843137254901797,False,False,True,0.10999999999999943,,
002377.SZ,2025-08-07,gaps up,skipped,pullback_rule;volume_rule;reversal_rule,2025-08-08,2025-08-08 14:30:00,3.22,,,,,,,,,,,,,,False,pullback_rule;volume_rule;reversal_rule,2025-08-08,2025-08-08 14:30:00,3.22,3.08,3.25,3.37,3.2,3.37,53129849.0,107443148.0,1.2499999999999982,False,False,True,0.1200000000000001,,
002972.SZ,2025-08-11,gaps up,skipped,pullback_rule,2025-08-12,2025-08-12 14:30:00,13.51,,,,,,,,,,,,,,False,pullback_rule,2025-08-12,2025-08-12 14:30:00,13.51,13.39,13.9,13.84,13.55,14.49,21467322.0,12892835.0,0.3510638297872343,True,False,True,0.16000000000000014,,
300352.SZ,2025-08-14,gaps up,skipped,volume_rule,2025-08-15,2025-08-15 14:30:00,6.55,,,,,,,,,,,,,,False,volume_rule,2025-08-15,2025-08-15 14:30:00,6.55,5.7,5.9,5.93,5.71,6.13,186418431.0,236627417.0,0.0,False,True,True,0.009999999999999787,,
603273.SH,2025-08-14,gaps up,skipped,reversal_rule;gap_fill_rule,2025-08-15,2025-08-15 14:30:00,22.44,,,,,,,,,,,,,,False,reversal_rule;gap_fill_rule,2025-08-15,2025-08-15 14:30:00,22.44,21.8,22.0,22.49,21.96,23.98,32679359.0,20821605.0,0.10204081632652513,False,False,False,0.16000000000000014,,
600298.SH,2025-08-15,gaps up,traded,completed,2025-08-18,2025-08-18 14:30:00,39.02,37.069,1.9510000000000005,2025-08-29,2025-08-29 09:30:00,39.4,two_close_below_ma5,10.0,0.37999999999999545,0.009738595592003983,0.19477191184007964,0.7637109174782135,-0.38954382368016655,37.069,True,eligible,2025-08-18,2025-08-18 14:30:00,39.02,36.19,37.2,38.04,37.2,38.88,40778658.0,24030119.0,0.0,False,True,True,1.0100000000000051,37.069,1.9510000000000005
300845.SZ,2025-08-18,gaps up,skipped,volume_rule;reversal_rule,2025-08-19,2025-08-19 14:30:00,13.09,,,,,,,,,,,,,,False,volume_rule;reversal_rule,2025-08-19,2025-08-19 14:30:00,13.09,12.21,12.51,13.36,12.28,13.6,24577269.0,21172903.0,0.31764705882352906,False,False,True,0.06999999999999851,,
600795.SH,2025-08-19,gaps up,skipped,pullback_rule;reversal_rule,2025-08-20,2025-08-20 14:30:00,4.68,,,,,,,,,,,,,,False,pullback_rule;reversal_rule,2025-08-20,2025-08-20 14:30:00,4.68,4.55,4.66,4.77,4.66,4.84,581103777.0,214795265.0,0.8181818181818211,False,False,True,0.11000000000000032,,
300259.SZ,2025-08-22,gaps up,skipped,pullback_rule;volume_rule,2025-08-25,2025-08-25 14:30:00,3.95,,,,,,,,,,,,,,False,pullback_rule;volume_rule,2025-08-25,2025-08-25 14:30:00,3.95,3.89,3.92,3.97,3.91,4.03,50519131.0,47790152.0,0.39999999999999825,True,False,True,0.020000000000000018,,
603187.SH,2025-08-22,gaps up,skipped,reversal_rule;gap_fill_rule,2025-08-25,2025-08-25 14:30:00,14.62,,,,,,,,,,,,,,False,reversal_rule;gap_fill_rule,2025-08-25,2025-08-25 14:30:00,14.62,14.1,15.0,14.69,14.62,15.3,31077600.0,19675600.0,0.10294117647058842,False,False,False,0.5199999999999996,,
300329.SZ,2025-08-25,gaps up,skipped,volume_rule;reversal_rule,2025-08-26,2025-08-26 14:30:00,13.84,,,,,,,,,,,,,,False,volume_rule;reversal_rule,2025-08-26,2025-08-26 14:30:00,13.84,12.34,12.39,13.3,12.39,13.9,22661302.0,27661772.0,0.0,False,False,True,0.05000000000000071,,
300375.SZ,2025-08-25,gaps up,skipped,pullback_rule;reversal_rule,2025-08-26,2025-08-26 14:30:00,5.89,,,,,,,,,,,,,,False,pullback_rule;reversal_rule,2025-08-26,2025-08-26 14:30:00,5.89,5.8,5.83,6.0,5.83,6.25,88560942.0,40784682.0,0.6470588235294139,False,False,True,0.03000000000000025,,
601888.SH,2025-08-25,gaps up,skipped,volume_rule;reversal_rule,2025-08-26,2025-08-26 14:30:00,71.06,,,,,,,,,,,,,,False,volume_rule;reversal_rule,2025-08-26,2025-08-26 14:30:00,71.06,67.48,68.0,69.24,67.66,69.27,34587253.0,51079476.0,0.0,False,False,True,0.1799999999999926,,
002831.SZ,2025-08-27,gaps up,skipped,volume_rule;reversal_rule;gap_fill_rule,2025-08-28,2025-08-28 14:30:00,25.93,,,,,,,,,,,,,,False,volume_rule;reversal_rule;gap_fill_rule,2025-08-28,2025-08-28 14:30:00,25.93,25.75,26.06,25.9,25.88,26.65,8002860.0,7129702.0,0.0,False,False,False,0.129999999999999,,
002270.SZ,2025-08-29,gaps up,skipped,pullback_rule;volume_rule;gap_fill_rule,2025-09-01,2025-09-01 14:30:00,18.66,,,,,,,,,,,,,,False,pullback_rule;volume_rule;gap_fill_rule,2025-09-01,2025-09-01 14:30:00,18.66,19.07,19.34,19.26,19.13,19.63,9616914.0,7604701.0,1.2000000000000028,True,False,False,0.05999999999999872,,
300132.SZ,2025-08-29,gaps up,skipped,reversal_rule;gap_fill_rule,2025-09-01,2025-09-01 14:30:00,6.53,,,,,,,,,,,,,,False,reversal_rule;gap_fill_rule,2025-09-01,2025-09-01 14:30:00,6.53,6.38,6.49,6.45,6.44,6.73,40786370.0,26723895.0,0.0,False,False,False,0.0600000000000005,,
300988.SZ,2025-08-29,gaps up,skipped,volume_rule,2025-09-01,2025-09-01 14:30:00,24.45,,,,,,,,,,,,,,False,volume_rule,2025-09-01,2025-09-01 14:30:00,24.45,23.2,23.86,23.7,23.22,24.73,10644031.0,10932613.0,0.0,True,False,True,0.019999999999999574,,
600690.SH,2025-08-29,gaps up,skipped,pullback_rule;volume_rule;reversal_rule;gap_fill_rule,2025-09-01,2025-09-01 14:30:00,25.8,,,,,,,,,,,,,,False,pullback_rule;volume_rule;reversal_rule;gap_fill_rule,2025-09-01,2025-09-01 14:30:00,25.8,26.12,26.6,26.26,26.23,27.16,91872655.0,81711349.0,0.49462365591397955,False,False,False,0.10999999999999943,,
603610.SH,2025-08-29,gaps up,skipped,pullback_rule;reversal_rule,2025-09-01,2025-09-01 14:30:00,16.14,,,,,,,,,,,,,,False,pullback_rule;reversal_rule,2025-09-01,2025-09-01 14:30:00,16.14,15.6,16.35,16.51,16.06,17.16,48680150.0,23819786.0,2.312500000000004,False,False,True,0.4599999999999991,,
002763.SZ,2025-09-01,gaps up,skipped,pullback_rule;reversal_rule;gap_fill_rule,2025-09-02,2025-09-02 14:30:00,6.87,,,,,,,,,,,,,,False,pullback_rule;reversal_rule;gap_fill_rule,2025-09-02,2025-09-02 14:30:00,6.87,6.99,7.04,7.14,7.01,7.25,12239033.0,8076697.0,2.7000000000000055,False,False,False,0.019999999999999574,,
301539.SZ,2025-09-08,gaps up,skipped,pullback_rule;volume_rule;reversal_rule,2025-09-09,2025-09-09 14:30:00,19.93,,,,,,,,,,,,,,False,pullback_rule;volume_rule;reversal_rule,2025-09-09,2025-09-09 14:30:00,19.93,19.7,19.87,20.24,19.75,20.28,1625412.0,1551100.0,0.8378378378378402,False,False,True,0.05000000000000071,,
600594.SH,2025-09-08,gaps up,skipped,pullback_rule;volume_rule,2025-09-09,2025-09-09 14:30:00,4.37,,,,,,,,,,,,,,False,pullback_rule;volume_rule,2025-09-09,2025-09-09 14:30:00,4.37,4.34,4.38,4.41,4.35,4.41,13853945.0,12698300.0,1.3333333333333235,True,False,True,0.009999999999999787,,
002330.SZ,2025-09-15,gaps up,skipped,volume_rule;reversal_rule,2025-09-16,2025-09-16 14:30:00,5.46,,,,,,,,,,,,,,False,volume_rule;reversal_rule,2025-09-16,2025-09-16 14:30:00,5.46,5.02,5.45,5.45,5.45,5.45,37508200.0,100861885.0,0.0,False,False,True,0.4300000000000006,,
300750.SZ,2025-09-15,gaps up,skipped,reversal_rule,2025-09-16,2025-09-16 14:30:00,352.84,,,,,,,,,,,,,,False,reversal_rule,2025-09-16,2025-09-16 14:30:00,352.84,329.9,346.01,354.7,344.02,371.52,67018531.0,33937951.0,0.2140391254315321,False,False,True,14.120000000000005,,
601088.SH,2025-09-16,gaps up,skipped,pullback_rule;volume_rule;gap_fill_rule,2025-09-17,2025-09-17 14:30:00,38.07,,,,,,,,,,,,,,False,pullback_rule;volume_rule;gap_fill_rule,2025-09-17,2025-09-17 14:30:00,38.07,38.24,38.3,38.41,38.3,38.78,40033842.0,42438662.0,3.0909090909090735,True,False,False,0.05999999999999517,,
600060.SH,2025-09-25,gaps up,skipped,pullback_rule;gap_fill_rule,2025-09-26,2025-09-26 14:30:00,24.8,,,,,,,,,,,,,,False,pullback_rule;gap_fill_rule,2025-09-26,2025-09-26 14:30:00,24.8,24.97,25.5,25.13,25.0,25.98,56786883.0,23195821.0,0.3367346938775491,True,False,False,0.030000000000001137,,
002204.SZ,2025-09-30,gaps up,skipped,volume_rule;reversal_rule,2025-10-09,2025-10-09 14:30:00,6.51,,,,,,,,,,,,,,False,volume_rule;reversal_rule,2025-10-09,2025-10-09 14:30:00,6.51,6.13,6.38,6.41,6.34,6.53,117135669.0,81842131.0,0.0,False,False,True,0.20999999999999996,,
000597.SZ,2025-10-09,gaps up,skipped,volume_rule;reversal_rule,2025-10-10,2025-10-10 14:30:00,5.48,,,,,,,,,,,,,,False,volume_rule;reversal_rule,2025-10-10,2025-10-10 14:30:00,5.48,5.35,5.45,5.47,5.39,5.52,14816889.0,10265862.0,0.0,False,False,True,0.040000000000000036,,
301167.SZ,2025-10-09,gaps up,skipped,pullback_rule;volume_rule;reversal_rule,2025-10-10,2025-10-10 14:30:00,16.39,,,,,,,,,,,,,,False,pullback_rule;volume_rule;reversal_rule,2025-10-10,2025-10-10 14:30:00,16.39,15.95,16.15,16.58,15.96,16.7,5007172.0,4429240.0,0.4418604651162741,False,False,True,0.010000000000001563,,
600075.SH,2025-10-09,gaps up,skipped,volume_rule;reversal_rule,2025-10-10,2025-10-10 14:30:00,4.75,,,,,,,,,,,,,,False,volume_rule;reversal_rule,2025-10-10,2025-10-10 14:30:00,4.75,4.57,4.6,4.71,4.6,4.74,39120103.0,33695991.0,0.0,False,False,True,0.02999999999999936,,
600483.SH,2025-10-09,gaps up,skipped,pullback_rule;volume_rule;reversal_rule,2025-10-10,2025-10-10 14:30:00,10.15,,,,,,,,,,,,,,False,pullback_rule;volume_rule;reversal_rule,2025-10-10,2025-10-10 14:30:00,10.15,9.92,10.1,10.23,10.05,10.25,51980837.0,45617376.0,0.6153846153846122,False,False,True,0.13000000000000078,,
601061.SH,2025-10-09,gaps up,skipped,volume_rule;reversal_rule,2025-10-10,2025-10-10 14:30:00,10.43,,,,,,,,,,,,,,False,volume_rule;reversal_rule,2025-10-10,2025-10-10 14:30:00,10.43,9.65,9.91,10.35,9.9,10.37,52439171.0,50238639.0,0.0,False,False,True,0.25,,
601600.SH,2025-10-09,gaps up,skipped,pullback_rule;volume_rule;reversal_rule,2025-10-10,2025-10-10 14:30:00,8.46,,,,,,,,,,,,,,False,pullback_rule;volume_rule;reversal_rule,2025-10-10,2025-10-10 14:30:00,8.46,8.27,8.49,8.68,8.32,8.69,482332073.0,342155931.0,1.1578947368421022,False,False,True,0.05000000000000071,,
601678.SH,2025-10-09,gaps up,skipped,reversal_rule,2025-10-10,2025-10-10 14:30:00,4.4,,,,,,,,,,,,,,False,reversal_rule,2025-10-10,2025-10-10 14:30:00,4.4,4.16,4.19,4.38,4.17,4.39,65208379.0,42571289.0,0.0,False,False,True,0.009999999999999787,,
300512.SZ,2025-10-10,gaps up,skipped,pullback_rule;reversal_rule;gap_fill_rule,2025-10-13,2025-10-13 14:30:00,9.34,,,,,,,,,,,,,,False,pullback_rule;reversal_rule;gap_fill_rule,2025-10-13,2025-10-13 14:30:00,9.34,9.49,9.99,9.87,9.55,11.14,56750216.0,30531198.0,0.333333333333333,False,False,False,0.0600000000000005,,
600066.SH,2025-10-10,gaps up,skipped,volume_rule;reversal_rule,2025-10-13,2025-10-13 14:30:00,29.54,,,,,,,,,,,,,,False,volume_rule;reversal_rule,2025-10-13,2025-10-13 14:30:00,29.54,28.07,28.79,29.4,28.79,29.99,40845563.0,27940404.0,0.0,False,False,True,0.7199999999999989,,
601611.SH,2025-10-10,gaps up,skipped,volume_rule;reversal_rule,2025-10-13,2025-10-13 14:30:00,10.71,,,,,,,,,,,,,,False,volume_rule;reversal_rule,2025-10-13,2025-10-13 14:30:00,10.71,9.74,10.03,10.71,9.85,10.71,128309316.0,234370339.0,0.0,False,False,True,0.10999999999999943,,
000157.SZ,2025-10-14,gaps up,skipped,volume_rule;gap_fill_rule,2025-10-15,2025-10-15 14:30:00,8.14,,,,,,,,,,,,,,False,volume_rule;gap_fill_rule,2025-10-15,2025-10-15 14:30:00,8.14,8.03,8.06,8.1,8.05,8.44,169789553.0,139284523.0,0.0,True,False,False,0.02000000000000135,,
002884.SZ,2025-10-14,gaps up,skipped,volume_rule;reversal_rule,2025-10-15,2025-10-15 14:30:00,17.34,,,,,,,,,,,,,,False,volume_rule;reversal_rule,2025-10-15,2025-10-15 14:30:00,17.34,16.93,16.97,17.07,16.95,17.38,4631874.0,4067990.0,0.0,False,False,True,0.019999999999999574,,
601319.SH,2025-10-14,gaps up,skipped,reversal_rule,2025-10-15,2025-10-15 14:30:00,8.15,,,,,,,,,,,,,,False,reversal_rule,2025-10-15,2025-10-15 14:30:00,8.15,7.88,7.99,8.17,7.98,8.21,183037875.0,90875480.0,0.11111111111110891,False,False,True,0.10000000000000053,,
601919.SH,2025-10-14,gaps up,skipped,pullback_rule;reversal_rule;gap_fill_rule,2025-10-15,2025-10-15 14:30:00,14.19,,,,,,,,,,,,,,False,pullback_rule;reversal_rule;gap_fill_rule,2025-10-15,2025-10-15 14:30:00,14.19,14.48,14.59,14.87,14.58,14.93,131544497.0,78584748.0,2.4285714285714333,False,False,False,0.09999999999999964,,
000726.SZ,2025-10-15,gaps up,skipped,pullback_rule;reversal_rule,2025-10-16,2025-10-16 14:30:00,6.86,,,,,,,,,,,,,,False,pullback_rule;reversal_rule,2025-10-16,2025-10-16 14:30:00,6.86,6.84,7.01,7.0,6.91,7.15,24222841.0,13824274.0,0.5833333333333315,False,False,True,0.07000000000000028,,
601628.SH,2025-10-16,gaps up,skipped,pullback_rule;reversal_rule,2025-10-17,2025-10-17 14:30:00,40.99,,,,,,,,,,,,,,False,pullback_rule;reversal_rule,2025-10-17,2025-10-17 14:30:00,40.99,40.78,41.26,42.8,41.26,42.91,53074967.0,28562099.0,1.1753246753246729,False,False,True,0.4799999999999969,,
000766.SZ,2025-10-17,gaps up,skipped,pullback_rule;reversal_rule;gap_fill_rule,2025-10-20,2025-10-20 14:30:00,24.59,,,,,,,,,,,,,,False,pullback_rule;reversal_rule;gap_fill_rule,2025-10-20,2025-10-20 14:30:00,24.59,25.08,25.38,25.25,25.13,26.09,30951538.0,19475671.0,0.6874999999999996,False,False,False,0.05000000000000071,,
001228.SZ,2025-10-20,gaps up,skipped,volume_rule;reversal_rule,2025-10-21,2025-10-21 14:30:00,26.95,,,,,,,,,,,,,,False,volume_rule;reversal_rule,2025-10-21,2025-10-21 14:30:00,26.95,23.89,24.16,26.18,24.02,26.18,7480158.0,10287905.0,0.0,False,False,True,0.129999999999999,,
002829.SZ,2025-10-20,gaps up,skipped,pullback_rule;volume_rule;reversal_rule,2025-10-21,2025-10-21 14:30:00,24.99,,,,,,,,,,,,,,False,pullback_rule;volume_rule;reversal_rule,2025-10-21,2025-10-21 14:30:00,24.99,24.54,24.78,25.61,24.6,25.61,10391760.0,28319200.0,0.7469879518072317,False,False,True,0.060000000000002274,,
000850.SZ,2025-10-21,gaps up,skipped,pullback_rule,2025-10-22,2025-10-22 14:30:00,4.65,,,,,,,,,,,,,,False,pullback_rule,2025-10-22,2025-10-22 14:30:00,4.65,4.54,4.63,4.71,4.57,4.75,26322335.0,14474601.0,0.7499999999999944,True,False,True,0.03000000000000025,,
300834.SZ,2025-10-21,gaps up,skipped,volume_rule;reversal_rule,2025-10-22,2025-10-22 14:30:00,22.57,,,,,,,,,,,,,,False,volume_rule;reversal_rule,2025-10-22,2025-10-22 14:30:00,22.57,22.38,22.89,22.65,22.46,22.89,564255.0,676329.0,0.18604651162790314,False,False,True,0.08000000000000185,,
000637.SZ,2025-10-22,gaps up,skipped,pullback_rule;reversal_rule;gap_fill_rule,2025-10-23,2025-10-23 14:30:00,4.68,,,,,,,,,,,,,,False,pullback_rule;reversal_rule;gap_fill_rule,2025-10-23,2025-10-23 14:30:00,4.68,4.73,5.17,5.2,4.77,5.2,123397610.0,67906578.0,17.333333333333204,False,False,False,0.03999999999999915,,
000928.SZ,2025-10-22,gaps up,skipped,reversal_rule;gap_fill_rule,2025-10-23,2025-10-23 14:30:00,6.75,,,,,,,,,,,,,,False,reversal_rule;gap_fill_rule,2025-10-23,2025-10-23 14:30:00,6.75,6.63,7.16,6.83,6.79,7.21,134621724.0,83801176.0,0.1904761904761907,False,False,False,0.16000000000000014,,
002588.SZ,2025-10-22,gaps up,skipped,reversal_rule,2025-10-23,2025-10-23 14:30:00,9.62,,,,,,,,,,,,,,False,reversal_rule,2025-10-23,2025-10-23 14:30:00,9.62,9.18,9.41,9.54,9.38,9.75,28374683.0,14456900.0,0.0,False,False,True,0.20000000000000107,,
300557.SZ,2025-10-22,gaps up,skipped,pullback_rule;gap_fill_rule,2025-10-23,2025-10-23 14:30:00,29.87,,,,,,,,,,,,,,False,pullback_rule;gap_fill_rule,2025-10-23,2025-10-23 14:30:00,29.87,30.64,32.59,31.56,31.0,34.23,22932110.0,13637205.0,0.5232198142414859,True,False,False,0.35999999999999943,,
600185.SH,2025-10-22,gaps up,skipped,pullback_rule;volume_rule,2025-10-23,2025-10-23 14:30:00,6.77,,,,,,,,,,,,,,False,pullback_rule;volume_rule,2025-10-23,2025-10-23 14:30:00,6.77,6.29,6.88,6.88,6.88,6.88,18878019.0,173471393.0,110000.00000000032,True,False,True,0.5899999999999999,,
600871.SH,2025-10-22,gaps up,skipped,pullback_rule;volume_rule,2025-10-23,2025-10-23 14:30:00,2.48,,,,,,,,,,,,,,False,pullback_rule;volume_rule,2025-10-23,2025-10-23 14:30:00,2.48,2.3,2.45,2.53,2.38,2.53,594099041.0,839345515.0,0.6250000000000007,False,True,True,0.08000000000000007,,
000852.SZ,2025-10-23,gaps up,skipped,pullback_rule;reversal_rule;gap_fill_rule,2025-10-24,2025-10-24 14:30:00,8.41,,,,,,,,,,,,,,False,pullback_rule;reversal_rule;gap_fill_rule,2025-10-24,2025-10-24 14:30:00,8.41,8.49,9.34,9.34,8.96,9.34,269767630.0,154220840.0,2.447368421052637,False,False,False,0.47000000000000064,,
002243.SZ,2025-10-23,gaps up,skipped,pullback_rule;volume_rule;reversal_rule,2025-10-24,2025-10-24 14:30:00,9.49,,,,,,,,,,,,,,False,pullback_rule;volume_rule;reversal_rule,2025-10-24,2025-10-24 14:30:00,9.49,9.18,9.93,9.93,9.58,9.93,97834879.0,81184744.0,1.257142857142857,False,False,True,0.40000000000000036,,
002337.SZ,2025-10-23,gaps up,skipped,pullback_rule;volume_rule,2025-10-24,2025-10-24 14:30:00,6.86,,,,,,,,,,,,,,False,pullback_rule;volume_rule,2025-10-24,2025-10-24 14:30:00,6.86,6.38,6.64,7.02,6.64,7.02,85990409.0,129477834.0,0.4210526315789455,False,True,True,0.2599999999999998,,
600938.SH,2025-10-23,gaps up,skipped,pullback_rule;volume_rule;reversal_rule;gap_fill_rule,2025-10-24,2025-10-24 14:30:00,27.37,,,,,,,,,,,,,,False,pullback_rule;volume_rule;reversal_rule;gap_fill_rule,2025-10-24,2025-10-24 14:30:00,27.37,27.19,27.45,27.49,27.21,27.7,64651548.0,45858143.0,3.0,False,False,False,0.019999999999999574,,
601857.SH,2025-10-23,gaps up,skipped,pullback_rule;reversal_rule,2025-10-24,2025-10-24 14:30:00,9.05,,,,,,,,,,,,,,False,pullback_rule;reversal_rule,2025-10-24,2025-10-24 14:30:00,9.05,8.91,8.92,9.18,8.92,9.18,231989691.0,151900409.0,0.49999999999999656,False,False,True,0.009999999999999787,,
001218.SZ,2025-10-24,gaps up,skipped,volume_rule;reversal_rule,2025-10-27,2025-10-27 14:30:00,24.55,,,,,,,,,,,,,,False,volume_rule;reversal_rule,2025-10-27,2025-10-27 14:30:00,24.55,22.24,23.76,23.78,23.28,24.45,8752206.0,8630955.0,0.0,False,False,True,1.0400000000000027,,
002151.SZ,2025-10-24,gaps up,skipped,volume_rule;reversal_rule,2025-10-27,2025-10-27 14:30:00,30.5,,,,,,,,,,,,,,False,volume_rule;reversal_rule,2025-10-27,2025-10-27 14:30:00,30.5,29.2,29.3,29.99,29.28,30.26,16087133.0,16193816.0,0.0,False,False,True,0.08000000000000185,,
002454.SZ,2025-10-24,gaps up,skipped,pullback_rule;reversal_rule,2025-10-27,2025-10-27 14:30:00,8.62,,,,,,,,,,,,,,False,pullback_rule;reversal_rule,2025-10-27,2025-10-27 14:30:00,8.62,8.5,8.74,8.95,8.66,9.05,22526985.0,12122632.0,1.5714285714285787,False,False,True,0.16000000000000014,,
300739.SZ,2025-10-24,gaps up,skipped,volume_rule;reversal_rule,2025-10-27,2025-10-27 14:30:00,16.56,,,,,,,,,,,,,,False,volume_rule;reversal_rule,2025-10-27,2025-10-27 14:30:00,16.56,15.79,15.95,16.28,15.82,16.29,8556325.0,9450429.0,0.0,False,False,True,0.030000000000001137,,
600710.SH,2025-10-24,gaps up,skipped,volume_rule;reversal_rule,2025-10-27,2025-10-27 14:30:00,10.64,,,,,,,,,,,,,,False,volume_rule;reversal_rule,2025-10-27,2025-10-27 14:30:00,10.64,10.21,10.5,10.42,10.25,10.75,30260669.0,23018773.0,0.0,False,False,True,0.03999999999999915,,
603160.SH,2025-10-24,gaps up,skipped,volume_rule;reversal_rule,2025-10-27,2025-10-27 14:30:00,86.37,,,,,,,,,,,,,,False,volume_rule;reversal_rule,2025-10-27,2025-10-27 14:30:00,86.37,76.59,78.43,84.17,78.43,84.17,19471002.0,25590384.0,0.0,False,False,True,1.8400000000000034,,
603856.SH,2025-10-24,gaps up,skipped,volume_rule;reversal_rule,2025-10-27,2025-10-27 14:30:00,12.65,,,,,,,,,,,,,,False,volume_rule;reversal_rule,2025-10-27,2025-10-27 14:30:00,12.65,12.15,12.23,12.69,12.19,12.89,12400882.0,9020353.0,0.08695652173912875,False,False,True,0.03999999999999915,,
000543.SZ,2025-10-27,gaps up,skipped,volume_rule;reversal_rule,2025-10-28,2025-10-28 14:30:00,8.64,,,,,,,,,,,,,,False,volume_rule;reversal_rule,2025-10-28,2025-10-28 14:30:00,8.64,7.89,8.2,8.65,8.17,8.65,101215520.0,153402824.0,0.022222222222221696,False,False,True,0.28000000000000025,,
002378.SZ,2025-10-27,gaps up,skipped,volume_rule;reversal_rule,2025-10-28,2025-10-28 14:30:00,13.22,,,,,,,,,,,,,,False,volume_rule;reversal_rule,2025-10-28,2025-10-28 14:30:00,13.22,12.47,12.6,13.1,12.54,13.3,71258926.0,85507047.0,0.0,False,False,True,0.06999999999999851,,
002690.SZ,2025-10-27,gaps up,skipped,pullback_rule;volume_rule;reversal_rule;gap_fill_rule,2025-10-28,2025-10-28 14:30:00,20.2,,,,,,,,,,,,,,False,pullback_rule;volume_rule;reversal_rule;gap_fill_rule,2025-10-28,2025-10-28 14:30:00,20.2,20.29,20.66,20.88,20.65,21.59,13940225.0,9751559.0,3.0909090909091055,False,False,False,0.35999999999999943,,
300054.SZ,2025-10-27,gaps up,skipped,volume_rule;reversal_rule,2025-10-28,2025-10-28 14:30:00,36.18,,,,,,,,,,,,,,False,volume_rule;reversal_rule,2025-10-28,2025-10-28 14:30:00,36.18,34.71,35.96,35.5,35.0,36.95,28595067.0,22262380.0,0.0,False,False,True,0.28999999999999915,,
301097.SZ,2025-10-27,gaps up,skipped,volume_rule,2025-10-28,2025-10-28 14:30:00,56.48,,,,,,,,,,,,,,False,volume_rule,2025-10-28,2025-10-28 14:30:00,56.48,47.0,49.37,55.75,49.0,55.75,6494481.0,6132857.0,0.0,False,True,True,2.0,,
301287.SZ,2025-10-27,gaps up,skipped,pullback_rule;reversal_rule,2025-10-28,2025-10-28 14:30:00,40.85,,,,,,,,,,,,,,False,pullback_rule;reversal_rule,2025-10-28,2025-10-28 14:30:00,40.85,40.0,40.43,41.25,40.11,41.34,1617964.0,1050434.0,0.4878048780487786,False,False,True,0.10999999999999943,,
600801.SH,2025-10-27,gaps up,skipped,pullback_rule;reversal_rule,2025-10-28,2025-10-28 14:30:00,21.46,,,,,,,,,,,,,,False,pullback_rule;reversal_rule,2025-10-28,2025-10-28 14:30:00,21.46,20.79,22.73,22.29,21.29,22.73,41904154.0,22921334.0,0.5763888888888872,False,False,True,0.5,,
600805.SH,2025-10-27,gaps up,skipped,reversal_rule;gap_fill_rule,2025-10-28,2025-10-28 14:30:00,5.44,,,,,,,,,,,,,,False,reversal_rule;gap_fill_rule,2025-10-28,2025-10-28 14:30:00,5.44,5.34,5.56,5.45,5.4,5.67,64302489.0,28562614.0,0.037037037037036306,False,False,False,0.0600000000000005,,
000421.SZ,2025-10-28,gaps up,skipped,volume_rule;reversal_rule,2025-10-29,2025-10-29 14:30:00,7.49,,,,,,,,,,,,,,False,volume_rule;reversal_rule,2025-10-29,2025-10-29 14:30:00,7.49,6.72,7.11,7.33,7.07,7.33,32293301.0,87480416.0,0.0,False,False,True,0.35000000000000053,,
300219.SZ,2025-10-28,gaps up,skipped,volume_rule;reversal_rule,2025-10-29,2025-10-29 14:30:00,7.6,,,,,,,,,,,,,,False,volume_rule;reversal_rule,2025-10-29,2025-10-29 14:30:00,7.6,7.3,7.67,7.55,7.48,7.75,63554995.0,45383482.0,0.0,False,False,True,0.1800000000000006,,
300771.SZ,2025-10-28,gaps up,skipped,volume_rule;reversal_rule,2025-10-29,2025-10-29 14:30:00,14.17,,,,,,,,,,,,,,False,volume_rule;reversal_rule,2025-10-29,2025-10-29 14:30:00,14.17,13.44,13.63,13.91,13.63,14.68,32929187.0,25788280.0,0.0,False,False,True,0.19000000000000128,,
301170.SZ,2025-10-28,gaps up,skipped,pullback_rule;volume_rule;reversal_rule;gap_fill_rule,2025-10-29,2025-10-29 14:30:00,28.09,,,,,,,,,,,,,,False,pullback_rule;volume_rule;reversal_rule;gap_fill_rule,2025-10-29,2025-10-29 14:30:00,28.09,28.01,28.11,28.35,28.02,28.64,1476600.0,1284500.0,1.0833333333333308,False,False,False,0.00999999999999801,,
301223.SZ,2025-10-28,gaps up,skipped,pullback_rule;volume_rule;reversal_rule,2025-10-29,2025-10-29 14:30:00,18.52,,,,,,,,,,,,,,False,pullback_rule;volume_rule;reversal_rule,2025-10-29,2025-10-29 14:30:00,18.52,18.32,18.5,18.83,18.42,18.86,4099223.0,3109248.0,0.9393939393939403,False,False,True,0.10000000000000142,,
600029.SH,2025-10-28,gaps up,skipped,volume_rule;reversal_rule;gap_fill_rule,2025-10-29,2025-10-29 14:30:00,6.77,,,,,,,,,,,,,,False,volume_rule;reversal_rule;gap_fill_rule,2025-10-29,2025-10-29 14:30:00,6.77,6.65,6.7,6.7,6.66,6.86,83067173.0,56733809.0,0.0,False,False,False,0.009999999999999787,,
600195.SH,2025-10-28,gaps up,skipped,pullback_rule,2025-10-29,2025-10-29 14:30:00,7.68,,,,,,,,,,,,,,False,pullback_rule,2025-10-29,2025-10-29 14:30:00,7.68,7.47,7.59,7.78,7.57,7.84,30833540.0,12445936.0,0.526315789473686,True,False,True,0.10000000000000053,,
600269.SH,2025-10-28,gaps up,skipped,pullback_rule;reversal_rule,2025-10-29,2025-10-29 14:30:00,5.4,,,,,,,,,,,,,,False,pullback_rule;reversal_rule,2025-10-29,2025-10-29 14:30:00,5.4,5.19,5.3,5.45,5.28,5.58,100854752.0,36959237.0,0.33333333333333137,False,False,True,0.08999999999999986,,
600346.SH,2025-10-28,gaps up,skipped,volume_rule;reversal_rule;gap_fill_rule,2025-10-29,2025-10-29 14:30:00,17.83,,,,,,,,,,,,,,False,volume_rule;reversal_rule;gap_fill_rule,2025-10-29,2025-10-29 14:30:00,17.83,17.14,17.25,17.31,17.25,17.8,25989659.0,28552324.0,0.0,False,False,False,0.10999999999999943,,
600361.SH,2025-10-28,gaps up,skipped,volume_rule,2025-10-29,2025-10-29 14:30:00,4.57,,,,,,,,,,,,,,False,volume_rule,2025-10-29,2025-10-29 14:30:00,4.57,4.35,4.44,4.41,4.4,4.57,160594328.0,108469700.0,0.0,False,True,True,0.05000000000000071,,
001288.SZ,2025-10-29,gaps up,skipped,reversal_rule;gap_fill_rule,2025-10-30,2025-10-30 14:30:00,29.93,,,,,,,,,,,,,,False,reversal_rule;gap_fill_rule,2025-10-30,2025-10-30 14:30:00,29.93,29.61,29.82,29.81,29.66,31.5,11867811.0,6815901.0,0.0,False,False,False,0.05000000000000071,,
002004.SZ,2025-10-29,gaps up,skipped,volume_rule;reversal_rule;gap_fill_rule,2025-10-30,2025-10-30 14:30:00,4.92,,,,,,,,,,,,,,False,volume_rule;reversal_rule;gap_fill_rule,2025-10-30,2025-10-30 14:30:00,4.92,4.9,5.0,4.95,4.91,5.02,42054602.0,44641003.0,0.27272727272727637,False,False,False,0.009999999999999787,,
002552.SZ,2025-10-29,gaps up,skipped,pullback_rule;reversal_rule,2025-10-30,2025-10-30 14:30:00,15.98,,,,,,,,,,,,,,False,pullback_rule;reversal_rule,2025-10-30,2025-10-30 14:30:00,15.98,15.7,16.11,16.22,15.8,16.3,13836978.0,8380019.0,2.181818181818179,False,False,True,0.10000000000000142,,
300140.SZ,2025-10-29,gaps up,skipped,reversal_rule,2025-10-30,2025-10-30 14:30:00,6.23,,,,,,,,,,,,,,False,reversal_rule,2025-10-30,2025-10-30 14:30:00,6.23,5.98,6.08,6.23,6.02,6.29,27841402.0,17991010.0,0.0,False,False,True,0.03999999999999915,,
300283.SZ,2025-10-29,gaps up,skipped,pullback_rule;reversal_rule;gap_fill_rule,2025-10-30,2025-10-30 14:30:00,7.47,,,,,,,,,,,,,,False,pullback_rule;reversal_rule;gap_fill_rule,2025-10-30,2025-10-30 14:30:00,7.47,7.49,7.7,7.9,7.7,8.58,83009381.0,50983709.0,2.1500000000000012,False,False,False,0.20999999999999996,,
300415.SZ,2025-10-29,gaps up,skipped,pullback_rule;reversal_rule,2025-10-30,2025-10-30 14:30:00,25.48,,,,,,,,,,,,,,False,pullback_rule;reversal_rule,2025-10-30,2025-10-30 14:30:00,25.48,24.27,25.6,26.14,25.38,26.88,38057169.0,15453772.0,1.2222222222222243,False,False,True,1.1099999999999994,,
300573.SZ,2025-10-29,gaps up,skipped,volume_rule;reversal_rule,2025-10-30,2025-10-30 14:30:00,83.79,,,,,,,,,,,,,,False,volume_rule;reversal_rule,2025-10-30,2025-10-30 14:30:00,83.79,78.09,80.3,82.01,79.0,83.5,28420507.0,21358365.0,0.0,False,False,True,0.9099999999999966,,
600011.SH,2025-10-29,gaps up,skipped,reversal_rule,2025-10-30,2025-10-30 14:30:00,8.37,,,,,,,,,,,,,,False,reversal_rule,2025-10-30,2025-10-30 14:30:00,8.37,7.78,8.04,8.26,7.96,8.34,186518891.0,118090624.0,0.0,False,False,True,0.17999999999999972,,
600572.SH,2025-10-29,gaps up,skipped,reversal_rule,2025-10-30,2025-10-30 14:30:00,4.58,,,,,,,,,,,,,,False,reversal_rule,2025-10-30,2025-10-30 14:30:00,4.58,4.48,4.53,4.56,4.53,4.63,68038197.0,44131565.0,0.0,False,False,True,0.04999999999999982,,
601318.SH,2025-10-29,gaps up,skipped,pullback_rule;volume_rule;reversal_rule,2025-10-30,2025-10-30 14:30:00,58.68,,,,,,,,,,,,,,False,pullback_rule;volume_rule;reversal_rule,2025-10-30,2025-10-30 14:30:00,58.68,58.23,58.6,58.95,58.49,59.7,91783108.0,66011463.0,0.7714285714285772,False,False,True,0.2600000000000051,,
603739.SH,2025-10-29,gaps up,skipped,volume_rule;reversal_rule,2025-10-30,2025-10-30 14:30:00,15.32,,,,,,,,,,,,,,False,volume_rule;reversal_rule,2025-10-30,2025-10-30 14:30:00,15.32,14.2,14.89,15.51,14.61,15.51,9599720.0,21198760.0,0.30645161290322537,False,False,True,0.41000000000000014,,
002314.SZ,2025-10-30,gaps up,skipped,pullback_rule;volume_rule;reversal_rule,2025-10-31,2025-10-31 14:30:00,3.13,,,,,,,,,,,,,,False,pullback_rule;volume_rule;reversal_rule,2025-10-31,2025-10-31 14:30:00,3.13,2.91,3.18,3.19,3.18,3.19,50873538.0,153503293.0,6.000000000000133,False,False,True,0.27,,
301279.SZ,2025-10-30,gaps up,skipped,volume_rule;reversal_rule,2025-10-31,2025-10-31 14:30:00,26.34,,,,,,,,,,,,,,False,volume_rule;reversal_rule,2025-10-31,2025-10-31 14:30:00,26.34,23.58,23.9,24.58,23.9,25.81,7086016.0,8984043.0,0.0,False,False,True,0.3200000000000003,,
600295.SH,2025-10-30,gaps up,skipped,volume_rule;reversal_rule,2025-10-31,2025-10-31 14:30:00,11.11,,,,,,,,,,,,,,False,volume_rule;reversal_rule,2025-10-31,2025-10-31 14:30:00,11.11,10.39,10.6,11.36,10.6,11.36,22781548.0,25435420.0,0.3289473684210527,False,False,True,0.20999999999999908,,
600300.SH,2025-10-30,gaps up,skipped,volume_rule;reversal_rule,2025-10-31,2025-10-31 14:30:00,3.58,,,,,,,,,,,,,,False,volume_rule;reversal_rule,2025-10-31,2025-10-31 14:30:00,3.58,3.38,3.45,3.47,3.45,3.57,105542854.0,111329289.0,0.0,False,False,True,0.07000000000000028,,
600507.SH,2025-10-30,gaps up,skipped,volume_rule;reversal_rule,2025-10-31,2025-10-31 14:30:00,6.0,,,,,,,,,,,,,,False,volume_rule;reversal_rule,2025-10-31,2025-10-31 14:30:00,6.0,5.55,5.8,5.9,5.8,6.09,91058621.0,65536257.0,0.0,False,False,True,0.25,,
600575.SH,2025-10-30,gaps up,skipped,reversal_rule,2025-10-31,2025-10-31 14:30:00,3.73,,,,,,,,,,,,,,False,reversal_rule,2025-10-31,2025-10-31 14:30:00,3.73,3.54,3.59,3.76,3.59,3.88,235831757.0,119466329.0,0.17647058823529305,False,False,True,0.04999999999999982,,
600989.SH,2025-10-30,gaps up,skipped,reversal_rule,2025-10-31,2025-10-31 14:30:00,18.54,,,,,,,,,,,,,,False,reversal_rule,2025-10-31,2025-10-31 14:30:00,18.54,18.22,18.26,18.66,18.24,18.94,63777296.0,37880491.0,0.30000000000000354,False,False,True,0.019999999999999574,,
601808.SH,2025-10-30,gaps up,skipped,pullback_rule;reversal_rule,2025-10-31,2025-10-31 14:30:00,14.38,,,,,,,,,,,,,,False,pullback_rule;reversal_rule,2025-10-31,2025-10-31 14:30:00,14.38,13.99,14.28,14.58,14.15,14.72,45270208.0,19313112.0,0.6666666666666627,False,False,True,0.16000000000000014,,
603997.SH,2025-10-30,gaps up,skipped,volume_rule;reversal_rule,2025-10-31,2025-10-31 14:30:00,13.94,,,,,,,,,,,,,,False,volume_rule;reversal_rule,2025-10-31,2025-10-31 14:30:00,13.94,12.97,13.13,13.48,13.01,13.82,32978865.0,35480321.0,0.0,False,False,True,0.03999999999999915,,
605305.SH,2025-10-30,gaps up,skipped,volume_rule,2025-10-31,2025-10-31 14:30:00,45.53,,,,,,,,,,,,,,False,volume_rule,2025-10-31,2025-10-31 14:30:00,45.53,40.56,43.72,44.25,42.91,44.25,13574381.0,21866801.0,0.0,False,True,True,2.3499999999999943,,
002489.SZ,2025-10-31,gaps up,traded,completed,2025-11-03,2025-11-03 14:30:00,3.93,3.7335,0.19650000000000034,2025-11-18,2025-11-18 09:30:00,4.05,two_close_below_ma5,12.0,0.11999999999999966,0.03053435114503808,0.6106870229007606,1.3231552162849862,-0.25445292620865234,3.93,True,eligible,2025-11-03,2025-11-03 14:30:00,3.93,3.71,3.78,3.86,3.74,3.92,95756137.0,61265208.0,0.0,True,False,True,0.03000000000000025,3.7335,0.19650000000000034
600166.SH,2025-10-31,gaps up,skipped,pullback_rule;volume_rule;reversal_rule;gap_fill_rule,2025-11-03,2025-11-03 14:30:00,2.92,,,,,,,,,,,,,,False,pullback_rule;volume_rule;reversal_rule;gap_fill_rule,2025-11-03,2025-11-03 14:30:00,2.92,2.89,2.95,3.0,2.94,3.13,354789480.0,238060252.0,1.6000000000000072,False,False,False,0.04999999999999982,,
600329.SH,2025-10-31,gaps up,skipped,pullback_rule;reversal_rule;gap_fill_rule,2025-11-03,2025-11-03 14:30:00,43.46,,,,,,,,,,,,,,False,pullback_rule;reversal_rule;gap_fill_rule,2025-11-03,2025-11-03 14:30:00,43.46,42.35,43.71,45.13,43.71,46.39,22885972.0,13440243.0,1.1760563380281688,False,False,False,1.3599999999999994,,
603190.SH,2025-10-31,gaps up,skipped,volume_rule;reversal_rule,2025-11-03,2025-11-03 14:30:00,25.51,,,,,,,,,,,,,,False,volume_rule;reversal_rule,2025-11-03,2025-11-03 14:30:00,25.51,23.3,24.3,25.23,24.3,25.23,14162018.0,14580410.0,0.0,False,False,True,1.0,,
003008.SZ,2025-11-03,gaps up,skipped,volume_rule;reversal_rule,2025-11-04,2025-11-04 14:30:00,22.75,,,,,,,,,,,,,,False,volume_rule;reversal_rule,2025-11-04,2025-11-04 14:30:00,22.75,22.33,22.7,22.64,22.51,22.83,2729258.0,2222947.0,0.0,False,False,True,0.18000000000000327,,
600444.SH,2025-11-03,gaps up,skipped,volume_rule;reversal_rule,2025-11-04,2025-11-04 14:30:00,20.44,,,,,,,,,,,,,,False,volume_rule;reversal_rule,2025-11-04,2025-11-04 14:30:00,20.44,18.35,19.3,20.09,19.1,20.09,11551506.0,33128406.0,0.0,False,False,True,0.75,,
605155.SH,2025-11-03,gaps up,skipped,pullback_rule;reversal_rule;gap_fill_rule,2025-11-04,2025-11-04 14:30:00,16.83,,,,,,,,,,,,,,False,pullback_rule;reversal_rule;gap_fill_rule,2025-11-04,2025-11-04 14:30:00,16.83,17.05,17.58,18.7,17.58,18.74,25551589.0,15980900.0,1.6696428571428565,False,False,False,0.5299999999999976,,
300402.SZ,2025-11-04,gaps up,skipped,volume_rule;reversal_rule,2025-11-05,2025-11-05 14:30:00,26.53,,,,,,,,,,,,,,False,volume_rule;reversal_rule,2025-11-05,2025-11-05 14:30:00,26.53,21.85,23.66,26.22,23.66,26.22,54859464.0,65018843.0,0.0,False,False,True,1.8099999999999987,,
000338.SZ,2025-11-06,gaps up,skipped,volume_rule;reversal_rule,2025-11-07,2025-11-07 14:30:00,18.18,,,,,,,,,,,,,,False,volume_rule;reversal_rule,2025-11-07,2025-11-07 14:30:00,18.18,16.46,17.9,18.03,17.6,18.03,164960717.0,511720655.0,0.0,False,False,True,1.1400000000000006,,
000809.SZ,2025-11-06,gaps up,skipped,reversal_rule;gap_fill_rule,2025-11-07,2025-11-07 14:30:00,3.85,,,,,,,,,,,,,,False,reversal_rule;gap_fill_rule,2025-11-07,2025-11-07 14:30:00,3.85,3.73,4.1,3.87,3.81,4.1,215125862.0,142668400.0,0.06896551724137946,False,False,False,0.08000000000000007,,
001286.SZ,2025-11-06,gaps up,skipped,volume_rule;reversal_rule,2025-11-07,2025-11-07 14:30:00,10.2,,,,,,,,,,,,,,False,volume_rule;reversal_rule,2025-11-07,2025-11-07 14:30:00,10.2,10.03,10.04,10.1,10.04,10.2,20732411.0,20397745.0,0.0,False,False,True,0.009999999999999787,,
300775.SZ,2025-11-06,gaps up,skipped,volume_rule;reversal_rule,2025-11-07,2025-11-07 14:30:00,32.46,,,,,,,,,,,,,,False,volume_rule;reversal_rule,2025-11-07,2025-11-07 14:30:00,32.46,25.63,30.0,30.59,29.41,30.59,71866293.0,127313588.0,0.0,False,False,True,3.780000000000001,,
600089.SH,2025-11-06,gaps up,skipped,volume_rule;reversal_rule,2025-11-07,2025-11-07 14:30:00,26.29,,,,,,,,,,,,,,False,volume_rule;reversal_rule,2025-11-07,2025-11-07 14:30:00,26.29,24.11,25.68,25.44,24.86,26.52,753696751.0,636497207.0,0.0,False,False,True,0.75,,
002170.SZ,2025-11-07,gaps up,skipped,pullback_rule,2025-11-10,2025-11-10 14:30:00,13.1,,,,,,,,,,,,,,False,pullback_rule,2025-11-10,2025-11-10 14:30:00,13.1,12.42,13.0,13.56,12.73,13.66,239302265.0,152013856.0,0.8214285714285722,True,False,True,0.3100000000000005,,
000830.SZ,2025-11-10,gaps up,skipped,volume_rule,2025-11-11,2025-11-11 14:30:00,16.38,,,,,,,,,,,,,,False,volume_rule,2025-11-11,2025-11-11 14:30:00,16.38,14.27,15.43,15.53,15.3,15.53,77287354.0,100978096.0,0.0,False,True,True,1.0300000000000011,,
001209.SZ,2025-11-10,gaps up,skipped,pullback_rule;volume_rule;reversal_rule;gap_fill_rule,2025-11-11,2025-11-11 14:30:00,26.81,,,,,,,,,,,,,,False,pullback_rule;volume_rule;reversal_rule;gap_fill_rule,2025-11-11,2025-11-11 14:30:00,26.81,26.36,27.63,29.0,27.63,29.0,14339978.0,26775652.0,1.5985401459854012,False,False,False,1.2699999999999996,,
002091.SZ,2025-11-10,gaps up,skipped,volume_rule;gap_fill_rule,2025-11-11,2025-11-11 14:30:00,10.44,,,,,,,,,,,,,,False,volume_rule;gap_fill_rule,2025-11-11,2025-11-11 14:30:00,10.44,10.22,10.79,10.32,10.28,10.87,174779771.0,135308413.0,0.0,True,False,False,0.05999999999999872,,
603663.SH,2025-11-10,gaps up,skipped,volume_rule,2025-11-11,2025-11-11 14:30:00,37.48,,,,,,,,,,,,,,False,volume_rule,2025-11-11,2025-11-11 14:30:00,37.48,31.96,33.9,34.07,32.8,34.68,48738159.0,44175157.0,0.0,True,True,True,0.8399999999999963,,
301305.SZ,2025-11-12,gaps up,skipped,pullback_rule;volume_rule;reversal_rule,2025-11-13,2025-11-13 14:30:00,25.07,,,,,,,,,,,,,,False,pullback_rule;volume_rule;reversal_rule,2025-11-13,2025-11-13 14:30:00,25.07,22.88,23.3,26.06,23.3,27.11,30609218.0,24412037.0,0.35869565217391275,False,False,True,0.4200000000000017,,
600113.SH,2025-11-12,gaps up,skipped,volume_rule,2025-11-13,2025-11-13 14:30:00,59.76,,,,,,,,,,,,,,False,volume_rule,2025-11-13,2025-11-13 14:30:00,59.76,53.27,58.0,58.6,55.0,58.6,11578515.0,25674759.0,0.0,False,True,True,1.7299999999999969,,
300350.SZ,2025-11-13,gaps up,skipped,reversal_rule,2025-11-14,2025-11-14 14:30:00,6.8,,,,,,,,,,,,,,False,reversal_rule,2025-11-14,2025-11-14 14:30:00,6.8,6.65,6.7,6.84,6.7,6.95,61322856.0,31465357.0,0.28571428571428664,False,False,True,0.04999999999999982,,
001217.SZ,2025-11-25,gaps up,skipped,pullback_rule;volume_rule,2025-11-26,2025-11-26 14:30:00,13.98,,,,,,,,,,,,,,False,pullback_rule;volume_rule,2025-11-26,2025-11-26 14:30:00,13.98,13.69,13.93,14.28,13.86,14.45,9928800.0,7193500.0,0.857142857142855,True,False,True,0.16999999999999993,,
600288.SH,2025-11-25,gaps up,skipped,pullback_rule;volume_rule;gap_fill_rule,2025-11-26,2025-11-26 14:30:00,14.79,,,,,,,,,,,,,,False,pullback_rule;volume_rule;gap_fill_rule,2025-11-26,2025-11-26 14:30:00,14.79,14.94,15.03,15.01,14.98,15.3,7941991.0,7101400.0,0.6875000000000013,True,False,False,0.040000000000000924,,
600489.SH,2025-11-25,gaps up,skipped,volume_rule;reversal_rule,2025-11-26,2025-11-26 14:30:00,22.18,,,,,,,,,,,,,,False,volume_rule;reversal_rule,2025-11-26,2025-11-26 14:30:00,22.18,21.59,21.83,22.07,21.77,22.5,59061714.0,42339043.0,0.0,False,False,True,0.17999999999999972,,
605005.SH,2025-11-25,gaps up,skipped,pullback_rule;reversal_rule;gap_fill_rule,2025-11-26,2025-11-26 14:30:00,18.95,,,,,,,,,,,,,,False,pullback_rule;reversal_rule;gap_fill_rule,2025-11-26,2025-11-26 14:30:00,18.95,18.97,19.0,19.21,18.98,19.28,3043300.0,1831434.0,1.2380952380952406,False,False,False,0.010000000000001563,,
000612.SZ,2025-12-01,gaps up,skipped,pullback_rule;reversal_rule;gap_fill_rule,2025-12-02,2025-12-02 14:30:00,9.69,,,,,,,,,,,,,,False,pullback_rule;reversal_rule;gap_fill_rule,2025-12-02,2025-12-02 14:30:00,9.69,9.64,9.81,9.86,9.75,10.11,48254905.0,25761594.0,3.400000000000071,False,False,False,0.10999999999999943,,
000672.SZ,2025-12-01,gaps up,skipped,pullback_rule;reversal_rule;gap_fill_rule,2025-12-02,2025-12-02 14:30:00,10.77,,,,,,,,,,,,,,False,pullback_rule;reversal_rule;gap_fill_rule,2025-12-02,2025-12-02 14:30:00,10.77,10.8,10.87,10.96,10.83,11.2,18836899.0,9530444.0,2.111111111111087,False,False,False,0.02999999999999936,,
000708.SZ,2025-12-01,gaps up,skipped,pullback_rule;reversal_rule,2025-12-02,2025-12-02 14:30:00,15.79,,,,,,,,,,,,,,False,pullback_rule;reversal_rule,2025-12-02,2025-12-02 14:30:00,15.79,15.2,15.6,15.9,15.47,15.96,23489053.0,13179584.0,0.3666666666666698,False,False,True,0.27000000000000135,,
002159.SZ,2025-12-01,gaps up,skipped,volume_rule;reversal_rule,2025-12-02,2025-12-02 14:30:00,15.77,,,,,,,,,,,,,,False,volume_rule;reversal_rule,2025-12-02,2025-12-02 14:30:00,15.77,15.58,15.74,15.75,15.62,15.86,2320501.0,2115400.0,0.0,False,False,True,0.03999999999999915,,
300929.SZ,2025-12-01,gaps up,skipped,pullback_rule;reversal_rule;gap_fill_rule,2025-12-02,2025-12-02 14:30:00,11.68,,,,,,,,,,,,,,False,pullback_rule;reversal_rule;gap_fill_rule,2025-12-02,2025-12-02 14:30:00,11.68,11.59,11.65,11.7,11.65,12.22,3897160.0,2358040.0,0.4,False,False,False,0.0600000000000005,,
600497.SH,2025-12-01,gaps up,skipped,reversal_rule,2025-12-02,2025-12-02 14:30:00,6.51,,,,,,,,,,,,,,False,reversal_rule,2025-12-02,2025-12-02 14:30:00,6.51,6.36,6.46,6.53,6.46,6.65,101923227.0,50951935.0,0.28571428571429114,False,False,True,0.09999999999999964,,
601369.SH,2025-12-01,gaps up,traded,completed,2025-12-02,2025-12-02 14:30:00,9.3,8.835,0.46499999999999986,2025-12-22,2025-12-22 09:30:00,9.99,two_close_below_ma5,15.0,0.6899999999999995,0.07419354838709671,1.4838709677419348,2.4516129032258047,-0.17204301075268838,9.765,True,eligible,2025-12-02,2025-12-02 14:30:00,9.3,8.86,9.07,9.32,9.07,9.55,40750364.0,18564092.0,0.0799999999999983,True,False,True,0.21000000000000085,8.835,0.46499999999999986
603787.SH,2025-12-01,gaps up,skipped,pullback_rule;volume_rule;reversal_rule;gap_fill_rule,2025-12-02,2025-12-02 14:30:00,14.02,,,,,,,,,,,,,,False,pullback_rule;volume_rule;reversal_rule;gap_fill_rule,2025-12-02,2025-12-02 14:30:00,14.02,14.19,14.36,14.28,14.21,14.59,3524900.0,3140000.0,0.6842105263157907,False,False,False,0.02000000000000135,,
301012.SZ,2025-12-08,gaps up,skipped,volume_rule;reversal_rule,2025-12-09,2025-12-09 14:30:00,27.33,,,,,,,,,,,,,,False,volume_rule;reversal_rule,2025-12-09,2025-12-09 14:30:00,27.33,25.71,25.88,26.4,25.86,27.38,10558467.0,9648498.0,0.0,False,False,True,0.14999999999999858,,
301198.SZ,2025-12-08,gaps up,skipped,pullback_rule;volume_rule;reversal_rule;gap_fill_rule,2025-12-09,2025-12-09 14:30:00,12.31,,,,,,,,,,,,,,False,pullback_rule;volume_rule;reversal_rule;gap_fill_rule,2025-12-09,2025-12-09 14:30:00,12.31,12.31,12.34,12.43,12.34,12.58,2876900.0,2598021.0,1.3333333333333268,False,False,False,0.02999999999999936,,
600230.SH,2025-12-08,gaps up,skipped,volume_rule;reversal_rule,2025-12-09,2025-12-09 14:30:00,13.14,,,,,,,,,,,,,,False,volume_rule;reversal_rule,2025-12-09,2025-12-09 14:30:00,13.14,12.6,12.74,12.9,12.65,13.04,9700275.0,12442078.0,0.0,False,False,True,0.05000000000000071,,
600372.SH,2025-12-08,gaps up,skipped,pullback_rule;volume_rule;gap_fill_rule,2025-12-09,2025-12-09 14:30:00,12.44,,,,,,,,,,,,,,False,pullback_rule;volume_rule;gap_fill_rule,2025-12-09,2025-12-09 14:30:00,12.44,12.55,12.59,12.63,12.56,12.86,59525000.0,42274984.0,4.749999999999923,True,False,False,0.009999999999999787,,
600859.SH,2025-12-08,gaps up,skipped,volume_rule;reversal_rule;gap_fill_rule,2025-12-09,2025-12-09 14:30:00,14.59,,,,,,,,,,,,,,False,volume_rule;reversal_rule;gap_fill_rule,2025-12-09,2025-12-09 14:30:00,14.59,14.63,14.82,14.7,14.64,15.16,36418094.0,26082996.0,0.21153846153846062,False,False,False,0.009999999999999787,,
601211.SH,2025-12-08,gaps up,skipped,pullback_rule,2025-12-09,2025-12-09 14:30:00,20.26,,,,,,,,,,,,,,False,pullback_rule,2025-12-09,2025-12-09 14:30:00,20.26,19.92,20.15,20.38,20.14,20.65,209351301.0,78773410.0,0.5217391304347705,True,False,True,0.21999999999999886,,
600875.SH,2025-12-11,gaps up,skipped,volume_rule;reversal_rule,2025-12-12,2025-12-12 14:30:00,24.05,,,,,,,,,,,,,,False,volume_rule;reversal_rule,2025-12-12,2025-12-12 14:30:00,24.05,21.48,21.78,21.86,21.78,22.7,72250282.0,134200884.0,0.0,False,False,True,0.3000000000000007,,
601226.SH,2025-12-11,gaps up,skipped,volume_rule;reversal_rule,2025-12-12,2025-12-12 14:30:00,8.02,,,,,,,,,,,,,,False,volume_rule;reversal_rule,2025-12-12,2025-12-12 14:30:00,8.02,7.79,7.9,7.88,7.81,8.05,19404788.0,15593250.0,0.0,False,False,True,0.019999999999999574,,
002309.SZ,2025-12-12,gaps up,skipped,pullback_rule;volume_rule;gap_fill_rule,2025-12-15,2025-12-15 14:30:00,3.88,,,,,,,,,,,,,,False,pullback_rule;volume_rule;gap_fill_rule,2025-12-15,2025-12-15 14:30:00,3.88,3.64,4.0,4.0,4.0,4.0,41624155.0,234476409.0,120000.00000000012,False,True,False,0.3599999999999999,,
